{"init_params": {"cat_dims": [], "cat_emb_dim": [], "cat_idxs": [], "clip_value": 1, "device_name": "auto", "epsilon": 1e-15, "gamma": 1.5, "grouped_features": [], "input_dim": 54, "lambda_sparse": 0.001, "mask_type": "entmax", "momentum": 0.3, "n_a": 64, "n_d": 64, "n_indep_decoder": 1, "n_independent": 2, "n_shared": 2, "n_shared_decoder": 1, "n_steps": 5, "optimizer_params": {"lr": 0.01}, "output_dim": 7, "scheduler_params": {"step_size": 20, "gamma": 0.95}, "seed": 0, "verbose": 1}, "class_attrs": {"preds_mapper": {"0": 1, "1": 2, "2": 3, "3": 4, "4": 5, "5": 6, "6": 7}}}